state,pop_2000,pop_2025,inc_2000,inc_2025,pop_growth,inc_growth
NV,2018.741,3282.188,31858,73156,62.58588892780204,129.6314897357022
UT,2244.502,3538.904,24162,69991,57.669897375898984,189.67386805728003
ID,1299.43,2029.733,25139,64846,56.20179617216778,157.94979911690996
TX,20944.499,31709.821,28253,72364,51.39928150107578,156.12855272006513
AZ,5160.586,7623.818,26271,68283,47.73163357804715,159.91778006166496
FL,16047.515,23462.518,29387,76440,46.20654973682843,160.1150168441828
CO,4326.921,6012.561,33872,86181,38.95703203270868,154.43138875767596
NC,8081.614,11197.968,27410,68511,38.56103496158072,149.94892375045606
SC,4024.223,5570.274,25025,63179,38.41862143325556,152.46353646353646
GA,8227.303,11302.748,28760,65382,37.38096190209599,127.33657858136303
WA,5910.512,8001.02,32538,89396,35.369321642524376,174.74337697461428
DE,786.373,1059.952,33810,71357,34.78997880140848,111.05294291629697
TN,5703.719,7315.076,26998,69131,28.250988521699604,156.0597081265279
MT,903.773,1144.694,22982,72340,26.657246897174392,214.7680793664607
VA,7105.817,8880.107,32631,80291,24.969542559286296,146.05743005117833
OR,3429.708,4273.586,28257,73678,24.604951791814344,160.7424708921683
ND,642.023,799.358,25842,75157,24.50613140027693,190.83275288290383
SD,755.844,935.094,26727,79297,23.715211075301255,196.69248325663187
DC,572.046,693.645,43401,116121,21.256856966048176,167.55374300131334
OK,3454.365,4123.288,24124,66660,19.36457207040947,176.3223346045432
WY,494.3,588.753,29426,89806,19.108436172364975,205.192686739618
MN,4933.692,5830.405,32348,78538,18.17529347190703,142.79089897366143
HI,1213.519,1432.82,29174,76592,18.07149290616792,162.53513402344555
MD,5311.034,6265.347,35480,81834,17.968497283203245,130.64825253664037
NE,1713.82,2018.006,28924,75858,17.749005146398122,162.266629788411
AK,627.963,737.27,31996,80175,17.406598796425897,150.57819727465932
NM,1821.204,2125.498,23019,61645,16.70839730200462,167.80051262000956
AL,4452.173,5193.088,24258,59677,16.641648920650653,146.009563855223
AR,2678.588,3114.791,22731,61752,16.284811251301058,171.66424706348158
CA,33987.977,39355.309,33175,91116,15.791854866795996,174.6525998492841
IN,6091.866,6973.333,28075,66292,14.469573033943938,136.1246660730187
NH,1239.882,1415.342,35323,86959,14.151346660408004,146.18237409053592
KY,4049.021,4606.864,24815,60673,13.777231582646742,144.50130969171872
NJ,8430.621,9548.215,39095,88223,13.256366286659095,125.66312827727333
MA,6361.104,7154.084,38381,97456,12.466075071245486,153.91730283213047
MO,5607.285,6270.541,27857,67587,11.828469571280941,142.62124421150878
WI,5373.999,5972.787,29493,70570,11.142316922649243,139.27711660393993
ME,1277.072,1414.874,27478,71662,10.790464437400571,160.7977290923648
IA,2929.067,3238.387,27341,68326,10.560359322610235,149.90307596649723
KS,2693.681,2977.22,28166,69510,10.526079368715147,146.7869061989633
CT,3411.777,3688.496,42857,98879,8.110700083856592,130.71843572811906
PA,12284.173,13059.432,30339,74231,6.311039416328645,144.67187448498632
RI,1050.268,1114.521,30350,73992,6.117771844900544,143.79571663920925
VT,609.618,644.663,29002,74580,5.7486819614906315,157.15467898765604
NY,19001.78,20002.427,35955,88847,5.2660698103019765,147.10610485328885
OH,11363.543,11900.51,28496,67291,4.725348423462661,136.14191465468838
MS,2848.353,2954.16,21628,54531,3.7146730057685984,152.13149620861847
LA,4471.885,4618.189,23907,63940,3.2716404827047185,167.45304722466224
IL,12434.161,12719.141,33072,77772,2.2919117743448902,135.1596516690856
MI,9952.45,10127.884,30250,66556,1.7627217418826557,120.01983471074382
WV,1807.021,1766.147,22275,57932,-2.2619548970377212,160.0763187429854
