date,state,population,income_per_capita
2000-01-01,AL,4452.173,24258
2001-01-01,AL,4467.634,25046
2002-01-01,AL,4480.089,25671
2003-01-01,AL,4503.491,26700
2004-01-01,AL,4530.729,28385
2005-01-01,AL,4569.805,29780
2006-01-01,AL,4628.981,31264
2007-01-01,AL,4672.84,32516
2008-01-01,AL,4718.206,33441
2009-01-01,AL,4757.938,32717
2010-01-01,AL,4785.514,33848
2011-01-01,AL,4799.642,34884
2012-01-01,AL,4816.632,35559
2013-01-01,AL,4831.586,35706
2014-01-01,AL,4843.737,36722
2015-01-01,AL,4854.803,38189
2016-01-01,AL,4866.824,38704
2017-01-01,AL,4877.989,39968
2018-01-01,AL,4891.628,41324
2019-01-01,AL,4907.965,42998
2020-01-01,AL,5032.962,45873
2021-01-01,AL,5050.058,50630
2022-01-01,AL,5076.868,51690
2023-01-01,AL,5117.85,54610
2024-01-01,AL,5163.055,57251
2025-01-01,AL,5193.088,59677
2000-01-01,AK,627.963,31996
2001-01-01,AK,633.714,33591
2002-01-01,AK,642.337,34766
2003-01-01,AK,648.414,36045
2004-01-01,AK,659.286,37054
2005-01-01,AK,666.946,39013
2006-01-01,AK,675.302,41013
2007-01-01,AK,680.3,43747
2008-01-01,AK,687.455,47800
2009-01-01,AK,698.895,47211
2010-01-01,AK,713.982,49543
2011-01-01,AK,722.349,52415
2012-01-01,AK,730.81,53340
2013-01-01,AK,737.626,52252
2014-01-01,AK,737.075,55098
2015-01-01,AK,738.43,56714
2016-01-01,AK,742.575,55536
2017-01-01,AK,740.983,56500
2018-01-01,AK,736.624,58997
2019-01-01,AK,733.603,60504
2020-01-01,AK,732.906,61912
2021-01-01,AK,734.59,65788
2022-01-01,AK,733.659,69233
2023-01-01,AK,734.654,72581
2024-01-01,AK,736.537,76606
2025-01-01,AK,737.27,80175
2000-01-01,AZ,5160.586,26271
2001-01-01,AZ,5273.477,26946
2002-01-01,AZ,5396.255,27325
2003-01-01,AZ,5510.364,28384
2004-01-01,AZ,5652.404,30154
2005-01-01,AZ,5839.077,32150
2006-01-01,AZ,6029.141,34460
2007-01-01,AZ,6167.681,35602
2008-01-01,AZ,6280.362,35586
2009-01-01,AZ,6343.154,33467
2010-01-01,AZ,6407.342,33778
2011-01-01,AZ,6473.416,35263
2012-01-01,AZ,6556.344,36364
2013-01-01,AZ,6634.69,36918
2014-01-01,AZ,6732.873,38268
2015-01-01,AZ,6832.81,39888
2016-01-01,AZ,6944.767,41173
2017-01-01,AZ,7048.088,43255
2018-01-01,AZ,7164.228,45297
2019-01-01,AZ,7291.843,47718
2020-01-01,AZ,7186.647,52080
2021-01-01,AZ,7274.022,57175
2022-01-01,AZ,7370.065,59120
2023-01-01,AZ,7452.073,63209
2024-01-01,AZ,7556.424,66024
2025-01-01,AZ,7623.818,68283
2000-01-01,AR,2678.588,22731
2001-01-01,AR,2691.571,23841
2002-01-01,AR,2705.927,24280
2003-01-01,AR,2724.816,25564
2004-01-01,AR,2749.686,27024
2005-01-01,AR,2781.097,28043
2006-01-01,AR,2821.761,29376
2007-01-01,AR,2848.65,31036
2008-01-01,AR,2874.554,32157
2009-01-01,AR,2896.843,31411
2010-01-01,AR,2921.998,32218
2011-01-01,AR,2941.038,34181
2012-01-01,AR,2952.876,36289
2013-01-01,AR,2960.459,36286
2014-01-01,AR,2968.759,38220
2015-01-01,AR,2979.732,39267
2016-01-01,AR,2991.815,40181
2017-01-01,AR,3003.855,41403
2018-01-01,AR,3012.161,43031
2019-01-01,AR,3020.985,43737
2020-01-01,AR,3014.399,47131
2021-01-01,AR,3027.127,53349
2022-01-01,AR,3047.429,53714
2023-01-01,AR,3069.856,56540
2024-01-01,AR,3096.08,59172
2025-01-01,AR,3114.791,61752
2000-01-01,CA,33987.977,33175
2001-01-01,CA,34479.458,33915
2002-01-01,CA,34871.843,34047
2003-01-01,CA,35253.159,35191
2004-01-01,CA,35574.576,36969
2005-01-01,CA,35827.943,38737
2006-01-01,CA,36021.202,41454
2007-01-01,CA,36250.311,43070
2008-01-01,CA,36604.337,43391
2009-01-01,CA,36961.229,41660
2010-01-01,CA,37319.55,43137
2011-01-01,CA,37636.311,45508
2012-01-01,CA,37944.551,47793
2013-01-01,CA,38253.768,48074
2014-01-01,CA,38586.706,50617
2015-01-01,CA,38904.296,53816
2016-01-01,CA,39149.186,55862
2017-01-01,CA,39337.785,58214
2018-01-01,CA,39437.463,60984
2019-01-01,CA,39437.61,64219
2020-01-01,CA,39527.808,70090
2021-01-01,CA,39152.927,77113
2022-01-01,CA,39125.347,77230
2023-01-01,CA,39181.667,81231
2024-01-01,CA,39364.774,86378
2025-01-01,CA,39355.309,91116
2000-01-01,CO,4326.921,33872
2001-01-01,CO,4425.687,34812
2002-01-01,CO,4490.406,34405
2003-01-01,CO,4528.732,34757
2004-01-01,CO,4575.013,35753
2005-01-01,CO,4631.888,37619
2006-01-01,CO,4720.423,39869
2007-01-01,CO,4803.868,41760
2008-01-01,CO,4889.73,42961
2009-01-01,CO,4972.195,40258
2010-01-01,CO,5047.539,40827
2011-01-01,CO,5121.9,43735
2012-01-01,CO,5193.66,45495
2013-01-01,CO,5270.774,47088
2014-01-01,CO,5352.637,50251
2015-01-01,CO,5454.328,51401
2016-01-01,CO,5543.844,51312
2017-01-01,CO,5617.421,54176
2018-01-01,CO,5697.155,57798
2019-01-01,CO,5758.486,61278
2020-01-01,CO,5786.873,64707
2021-01-01,CO,5814.368,71924
2022-01-01,CO,5853.355,76653
2023-01-01,CO,5912.24,80021
2024-01-01,CO,5988.502,82625
2025-01-01,CO,6012.561,86181
2000-01-01,CT,3411.777,42857
2001-01-01,CT,3432.835,45032
2002-01-01,CT,3458.749,44656
2003-01-01,CT,3484.336,44898
2004-01-01,CT,3496.094,47098
2005-01-01,CT,3506.956,49424
2006-01-01,CT,3517.46,53224
2007-01-01,CT,3527.27,57112
2008-01-01,CT,3545.579,60543
2009-01-01,CT,3561.807,59586
2010-01-01,CT,3579.173,61392
2011-01-01,CT,3588.632,62964
2012-01-01,CT,3595.211,63556
2013-01-01,CT,3595.792,62000
2014-01-01,CT,3595.697,64484
2015-01-01,CT,3588.561,66222
2016-01-01,CT,3579.83,67551
2017-01-01,CT,3575.324,69147
2018-01-01,CT,3574.561,72159
2019-01-01,CT,3566.022,74176
2020-01-01,CT,3579.643,76832
2021-01-01,CT,3607.765,82126
2022-01-01,CT,3618.707,85393
2023-01-01,CT,3641.369,90276
2024-01-01,CT,3674.449,95083
2025-01-01,CT,3688.496,98879
2000-01-01,DE,786.373,33810
2001-01-01,DE,795.699,36917
2002-01-01,DE,806.169,37660
2003-01-01,DE,818.003,37985
2004-01-01,DE,830.803,38843
2005-01-01,DE,845.15,39133
2006-01-01,DE,859.268,40736
2007-01-01,DE,871.749,41539
2008-01-01,DE,883.874,41254
2009-01-01,DE,891.73,41056
2010-01-01,DE,899.647,41100
2011-01-01,DE,907.59,43779
2012-01-01,DE,915.518,43771
2013-01-01,DE,924.062,43943
2014-01-01,DE,933.131,45359
2015-01-01,DE,942.065,47238
2016-01-01,DE,949.989,48186
2017-01-01,DE,957.942,49997
2018-01-01,DE,966.985,52670
2019-01-01,DE,976.668,53778
2020-01-01,DE,991.89,55520
2021-01-01,DE,1005.13,59869
2022-01-01,DE,1020.279,64087
2023-01-01,DE,1035.354,64658
2024-01-01,DE,1050.123,68177
2025-01-01,DE,1059.952,71357
2000-01-01,DC,572.046,43401
2001-01-01,DC,574.504,44809
2002-01-01,DC,573.158,45124
2003-01-01,DC,568.502,45978
2004-01-01,DC,567.754,49986
2005-01-01,DC,567.136,52686
2006-01-01,DC,570.681,55384
2007-01-01,DC,574.404,59358
2008-01-01,DC,580.236,60609
2009-01-01,DC,592.228,60011
2010-01-01,DC,605.282,63190
2011-01-01,DC,620.29,66985
2012-01-01,DC,635.737,67522
2013-01-01,DC,651.559,67081
2014-01-01,DC,663.603,70527
2015-01-01,DC,677.014,74784
2016-01-01,DC,687.576,77500
2017-01-01,DC,697.079,79567
2018-01-01,DC,704.147,82272
2019-01-01,DC,708.253,83675
2020-01-01,DC,670.958,90736
2021-01-01,DC,669.637,98087
2022-01-01,DC,674.501,101182
2023-01-01,DC,682.559,107384
2024-01-01,DC,691.31,112944
2025-01-01,DC,693.645,116121
2000-01-01,FL,16047.515,29387
2001-01-01,FL,16356.966,30405
2002-01-01,FL,16689.37,30815
2003-01-01,FL,17004.085,31779
2004-01-01,FL,17415.318,33706
2005-01-01,FL,17842.038,35736
2006-01-01,FL,18166.99,38009
2007-01-01,FL,18367.842,39184
2008-01-01,FL,18527.305,39185
2009-01-01,FL,18652.644,36777
2010-01-01,FL,18846.143,38779
2011-01-01,FL,19055.607,40437
2012-01-01,FL,19302.016,41211
2013-01-01,FL,19551.678,40743
2014-01-01,FL,19853.88,42877
2015-01-01,FL,20219.111,44957
2016-01-01,FL,20627.237,45730
2017-01-01,FL,20977.089,48447
2018-01-01,FL,21254.926,51015
2019-01-01,FL,21492.056,53666
2020-01-01,FL,21591.325,56599
2021-01-01,FL,21836.698,62604
2022-01-01,FL,22413.989,65328
2023-01-01,FL,22929.248,69983
2024-01-01,FL,23265.838,73340
2025-01-01,FL,23462.518,76440
2000-01-01,GA,8227.303,28760
2001-01-01,GA,8377.038,29693
2002-01-01,GA,8508.256,30086
2003-01-01,GA,8622.793,30805
2004-01-01,GA,8769.252,31982
2005-01-01,GA,8925.922,33283
2006-01-01,GA,9155.813,34574
2007-01-01,GA,9349.988,35440
2008-01-01,GA,9504.843,35272
2009-01-01,GA,9620.846,34213
2010-01-01,GA,9712.209,34740
2011-01-01,GA,9803.63,36760
2012-01-01,GA,9903.58,37250
2013-01-01,GA,9975.592,37484
2014-01-01,GA,10071.204,39550
2015-01-01,GA,10183.353,41527
2016-01-01,GA,10308.442,42742
2017-01-01,GA,10417.031,44836
2018-01-01,GA,10519.389,46624
2019-01-01,GA,10628.02,48529
2020-01-01,GA,10732.595,51497
2021-01-01,GA,10793.038,56257
2022-01-01,GA,10929.992,57405
2023-01-01,GA,11063.669,60010
2024-01-01,GA,11204.208,62875
2025-01-01,GA,11302.748,65382
2000-01-01,HI,1213.519,29174
2001-01-01,HI,1225.948,30178
2002-01-01,HI,1239.613,31353
2003-01-01,HI,1251.154,32557
2004-01-01,HI,1273.569,34336
2005-01-01,HI,1292.729,36278
2006-01-01,HI,1309.731,38315
2007-01-01,HI,1315.675,40301
2008-01-01,HI,1332.213,41887
2009-01-01,HI,1346.717,41144
2010-01-01,HI,1364.004,41498
2011-01-01,HI,1379.562,42758
2012-01-01,HI,1395.199,43523
2013-01-01,HI,1408.822,43548
2014-01-01,HI,1415.335,45445
2015-01-01,HI,1422.999,47150
2016-01-01,HI,1428.885,48561
2017-01-01,HI,1425.763,50506
2018-01-01,HI,1423.102,51554
2019-01-01,HI,1415.615,53940
2020-01-01,HI,1451.13,57030
2021-01-01,HI,1446.909,61269
2022-01-01,HI,1437.812,63296
2023-01-01,HI,1434.95,67571
2024-01-01,HI,1434.952,71573
2025-01-01,HI,1432.82,76592
2000-01-01,ID,1299.43,25139
2001-01-01,ID,1319.962,25803
2002-01-01,ID,1340.372,26272
2003-01-01,ID,1363.38,26739
2004-01-01,ID,1391.802,28299
2005-01-01,ID,1428.241,29214
2006-01-01,ID,1468.669,31244
2007-01-01,ID,1505.105,32459
2008-01-01,ID,1534.32,32690
2009-01-01,ID,1554.439,31200
2010-01-01,ID,1570.819,31948
2011-01-01,ID,1584.272,33447
2012-01-01,ID,1595.91,34812
2013-01-01,ID,1612.053,35699
2014-01-01,ID,1632.248,37107
2015-01-01,ID,1652.495,38813
2016-01-01,ID,1684.036,39653
2017-01-01,ID,1719.745,41197
2018-01-01,ID,1752.074,43254
2019-01-01,ID,1789.06,45880
2020-01-01,ID,1849.328,49726
2021-01-01,ID,1904.855,55603
2022-01-01,ID,1942.951,57074
2023-01-01,ID,1970.497,59220
2024-01-01,ID,2000.872,62346
2025-01-01,ID,2029.733,64846
2000-01-01,IL,12434.161,33072
2001-01-01,IL,12488.445,34206
2002-01-01,IL,12525.556,34520
2003-01-01,IL,12556.006,35081
2004-01-01,IL,12589.773,36366
2005-01-01,IL,12609.903,37720
2006-01-01,IL,12643.955,40021
2007-01-01,IL,12695.866,42148
2008-01-01,IL,12747.038,43238
2009-01-01,IL,12796.778,41088
2010-01-01,IL,12840.545,42107
2011-01-01,IL,12867.783,44075
2012-01-01,IL,12883.029,45934
2013-01-01,IL,12895.778,46735
2014-01-01,IL,12885.092,48536
2015-01-01,IL,12859.585,50688
2016-01-01,IL,12821.709,51347
2017-01-01,IL,12779.893,53056
2018-01-01,IL,12724.685,56077
2019-01-01,IL,12667.017,57738
2020-01-01,IL,12795.348,61597
2021-01-01,IL,12703.354,66852
2022-01-01,IL,12609.577,68110
2023-01-01,IL,12633.389,71812
2024-01-01,IL,12703.033,74564
2025-01-01,IL,12719.141,77772
2000-01-01,IN,6091.866,28075
2001-01-01,IN,6127.76,28596
2002-01-01,IN,6155.967,28902
2003-01-01,IN,6196.638,29445
2004-01-01,IN,6233.007,30657
2005-01-01,IN,6278.616,31376
2006-01-01,IN,6332.669,32905
2007-01-01,IN,6379.599,33845
2008-01-01,IN,6424.806,35270
2009-01-01,IN,6459.325,34200
2010-01-01,IN,6490.555,35590
2011-01-01,IN,6517.25,37681
2012-01-01,IN,6538.989,39148
2013-01-01,IN,6570.575,39435
2014-01-01,IN,6596.019,40719
2015-01-01,IN,6611.442,42146
2016-01-01,IN,6637.898,43143
2017-01-01,IN,6662.068,44568
2018-01-01,IN,6698.481,46555
2019-01-01,IN,6731.01,48270
2020-01-01,IN,6790.29,51776
2021-01-01,IN,6814.223,57389
2022-01-01,IN,6841.491,58697
2023-01-01,IN,6881.373,61375
2024-01-01,IN,6934.754,63980
2025-01-01,IN,6973.333,66292
2000-01-01,IA,2929.067,27341
2001-01-01,IA,2931.997,28145
2002-01-01,IA,2934.234,28804
2003-01-01,IA,2941.999,29344
2004-01-01,IA,2953.635,31615
2005-01-01,IA,2964.454,32411
2006-01-01,IA,2982.644,34197
2007-01-01,IA,2999.212,36366
2008-01-01,IA,3016.734,38490
2009-01-01,IA,3032.87,37246
2010-01-01,IA,3050.819,38190
2011-01-01,IA,3066.772,40879
2012-01-01,IA,3076.844,42539
2013-01-01,IA,3093.935,43009
2014-01-01,IA,3110.643,44120
2015-01-01,IA,3122.541,45442
2016-01-01,IA,3133.21,45669
2017-01-01,IA,3143.734,46767
2018-01-01,IA,3149.9,48773
2019-01-01,IA,3159.596,49674
2020-01-01,IA,3191.081,52677
2021-01-01,IA,3199.037,58242
2022-01-01,IA,3201.89,61226
2023-01-01,IA,3214.739,62760
2024-01-01,IA,3230.454,65448
2025-01-01,IA,3238.387,68326
2000-01-01,KS,2693.681,28166
2001-01-01,KS,2702.162,29047
2002-01-01,KS,2713.535,29218
2003-01-01,KS,2723.004,30029
2004-01-01,KS,2734.373,30748
2005-01-01,KS,2745.299,32340
2006-01-01,KS,2762.931,35411
2007-01-01,KS,2783.785,37748
2008-01-01,KS,2808.076,41060
2009-01-01,KS,2832.704,39382
2010-01-01,KS,2858.266,39821
2011-01-01,KS,2869.677,42889
2012-01-01,KS,2886.024,44913
2013-01-01,KS,2894.306,45669
2014-01-01,KS,2901.861,46289
2015-01-01,KS,2910.717,46597
2016-01-01,KS,2912.977,46717
2017-01-01,KS,2910.892,48271
2018-01-01,KS,2912.748,50282
2019-01-01,KS,2912.635,52156
2020-01-01,KS,2938.274,55229
2021-01-01,KS,2938.966,59197
2022-01-01,KS,2938.034,61860
2023-01-01,KS,2949.749,63550
2024-01-01,KS,2965.252,65975
2025-01-01,KS,2977.22,69510
2000-01-01,KY,4049.021,24815
2001-01-01,KY,4068.132,25564
2002-01-01,KY,4089.875,26053
2003-01-01,KY,4117.17,26661
2004-01-01,KY,4146.101,28030
2005-01-01,KY,4182.742,29104
2006-01-01,KY,4219.239,30476
2007-01-01,KY,4256.672,31529
2008-01-01,KY,4289.878,32830
2009-01-01,KY,4317.074,32198
2010-01-01,KY,4348.464,33187
2011-01-01,KY,4370.817,34607
2012-01-01,KY,4387.865,35630
2013-01-01,KY,4406.906,35758
2014-01-01,KY,4416.992,37225
2015-01-01,KY,4429.126,38766
2016-01-01,KY,4440.306,39319
2017-01-01,KY,4455.59,40403
2018-01-01,KY,4464.273,41658
2019-01-01,KY,4472.345,43466
2020-01-01,KY,4508.271,47086
2021-01-01,KY,4508.348,51929
2022-01-01,KY,4521.238,52606
2023-01-01,KY,4549.953,55675
2024-01-01,KY,4584.046,58310
2025-01-01,KY,4606.864,60673
2000-01-01,LA,4471.885,23907
2001-01-01,LA,4477.875,25630
2002-01-01,LA,4497.267,26281
2003-01-01,LA,4521.042,26987
2004-01-01,LA,4552.238,27983
2005-01-01,LA,4576.628,29970
2006-01-01,LA,4302.665,33627
2007-01-01,LA,4375.581,36208
2008-01-01,LA,4435.586,38328
2009-01-01,LA,4491.648,36803
2010-01-01,LA,4544.635,38067
2011-01-01,LA,4576.244,38966
2012-01-01,LA,4602.067,40662
2013-01-01,LA,4626.04,40996
2014-01-01,LA,4645.938,42533
2015-01-01,LA,4666.998,42484
2016-01-01,LA,4681.346,42132
2017-01-01,LA,4673.673,43486
2018-01-01,LA,4664.45,45465
2019-01-01,LA,4658.285,47015
2020-01-01,LA,4652.145,50181
2021-01-01,LA,4628.595,55112
2022-01-01,LA,4600.892,55297
2023-01-01,LA,4598.777,58859
2024-01-01,LA,4614.878,61667
2025-01-01,LA,4618.189,63940
2000-01-01,ME,1277.072,27478
2001-01-01,ME,1285.692,28821
2002-01-01,ME,1295.96,29546
2003-01-01,ME,1306.513,30740
2004-01-01,ME,1313.688,32096
2005-01-01,ME,1318.787,32684
2006-01-01,ME,1323.619,34168
2007-01-01,ME,1327.04,35402
2008-01-01,ME,1330.509,36960
2009-01-01,ME,1329.59,37107
2010-01-01,ME,1327.651,38018
2011-01-01,ME,1328.473,39502
2012-01-01,ME,1328.094,39992
2013-01-01,ME,1328.543,39950
2014-01-01,ME,1331.217,41137
2015-01-01,ME,1329.098,42939
2016-01-01,ME,1332.348,44234
2017-01-01,ME,1335.743,45905
2018-01-01,ME,1340.123,47729
2019-01-01,ME,1345.77,49983
2020-01-01,ME,1364.546,54331
2021-01-01,ME,1379.009,59381
2022-01-01,ME,1391.585,61587
2023-01-01,ME,1401.992,65337
2024-01-01,ME,1408.438,68764
2025-01-01,ME,1414.874,71662
2000-01-01,MD,5311.034,35480
2001-01-01,MD,5374.691,37012
2002-01-01,MD,5440.389,37995
2003-01-01,MD,5496.269,39295
2004-01-01,MD,5546.935,41515
2005-01-01,MD,5592.379,43311
2006-01-01,MD,5627.367,45293
2007-01-01,MD,5653.408,47033
2008-01-01,MD,5684.965,49026
2009-01-01,MD,5730.388,48448
2010-01-01,MD,5788.784,49616
2011-01-01,MD,5840.241,51797
2012-01-01,MD,5888.375,52481
2013-01-01,MD,5925.197,51871
2014-01-01,MD,5960.064,53075
2015-01-01,MD,5988.528,55032
2016-01-01,MD,6007.014,56606
2017-01-01,MD,6028.186,58245
2018-01-01,MD,6042.153,59915
2019-01-01,MD,6054.954,61723
2020-01-01,MD,6178.387,64863
2021-01-01,MD,6176.035,69268
2022-01-01,MD,6183.257,70886
2023-01-01,MD,6204.927,75624
2024-01-01,MD,6245.314,79486
2025-01-01,MD,6265.347,81834
2000-01-01,MA,6361.104,38381
2001-01-01,MA,6397.634,39711
2002-01-01,MA,6417.206,39419
2003-01-01,MA,6422.565,40158
2004-01-01,MA,6412.281,42242
2005-01-01,MA,6403.29,44061
2006-01-01,MA,6410.084,47311
2007-01-01,MA,6431.559,49662
2008-01-01,MA,6468.967,51546
2009-01-01,MA,6517.613,50751
2010-01-01,MA,6566.44,52707
2011-01-01,MA,6614.218,54757
2012-01-01,MA,6664.269,56259
2013-01-01,MA,6715.158,56119
2014-01-01,MA,6764.864,58129
2015-01-01,MA,6797.484,61536
2016-01-01,MA,6827.28,63476
2017-01-01,MA,6863.56,66069
2018-01-01,MA,6885.72,69191
2019-01-01,MA,6894.883,72381
2020-01-01,MA,6985.32,77596
2021-01-01,MA,6996.721,84132
2022-01-01,MA,7025.465,85405
2023-01-01,MA,7073.479,89860
2024-01-01,MA,7138.56,93575
2025-01-01,MA,7154.084,97456
2000-01-01,MI,9952.45,30250
2001-01-01,MI,9991.12,30694
2002-01-01,MI,10015.71,30595
2003-01-01,MI,10041.152,31267
2004-01-01,MI,10055.315,32092
2005-01-01,MI,10051.137,32756
2006-01-01,MI,10036.081,33563
2007-01-01,MI,10001.284,34669
2008-01-01,MI,9946.889,35826
2009-01-01,MI,9901.591,34247
2010-01-01,MI,9877.597,35635
2011-01-01,MI,9883.053,37689
2012-01-01,MI,9898.289,39042
2013-01-01,MI,9914.802,39292
2014-01-01,MI,9932.033,40829
2015-01-01,MI,9934.483,42982
2016-01-01,MI,9954.117,44080
2017-01-01,MI,9976.752,45264
2018-01-01,MI,9987.286,47089
2019-01-01,MI,9984.795,48577
2020-01-01,MI,10072.294,52820
2021-01-01,MI,10042.362,57084
2022-01-01,MI,10043.906,58052
2023-01-01,MI,10062.124,61335
2024-01-01,MI,10099.962,63945
2025-01-01,MI,10127.884,66556
2000-01-01,MN,4933.692,32348
2001-01-01,MN,4982.796,33417
2002-01-01,MN,5018.935,33889
2003-01-01,MN,5053.572,35195
2004-01-01,MN,5087.713,37084
2005-01-01,MN,5119.598,37812
2006-01-01,MN,5163.555,39362
2007-01-01,MN,5207.203,41325
2008-01-01,MN,5247.018,42983
2009-01-01,MN,5281.203,40963
2010-01-01,MN,5310.934,42538
2011-01-01,MN,5346.62,45134
2012-01-01,MN,5377.5,47399
2013-01-01,MN,5414.722,47413
2014-01-01,MN,5452.665,49357
2015-01-01,MN,5484.002,51353
2016-01-01,MN,5525.36,51982
2017-01-01,MN,5569.283,53826
2018-01-01,MN,5608.762,56201
2019-01-01,MN,5640.053,57903
2020-01-01,MN,5710.562,61372
2021-01-01,MN,5714.055,67730
2022-01-01,MN,5727.565,69467
2023-01-01,MN,5752.998,72674
2024-01-01,MN,5797.405,75548
2025-01-01,MN,5830.405,78538
2000-01-01,MS,2848.353,21628
2001-01-01,MS,2852.994,22806
2002-01-01,MS,2858.681,23202
2003-01-01,MS,2868.312,24060
2004-01-01,MS,2889.01,25287
2005-01-01,MS,2905.943,26716
2006-01-01,MS,2904.978,27827
2007-01-01,MS,2928.35,29432
2008-01-01,MS,2947.806,30736
2009-01-01,MS,2958.774,30220
2010-01-01,MS,2970.615,31213
2011-01-01,MS,2979.147,32454
2012-01-01,MS,2984.599,33441
2013-01-01,MS,2989.839,33976
2014-01-01,MS,2991.892,34623
2015-01-01,MS,2990.231,35100
2016-01-01,MS,2990.595,35638
2017-01-01,MS,2990.674,36579
2018-01-01,MS,2982.879,37624
2019-01-01,MS,2978.227,39142
2020-01-01,MS,2958.385,42464
2021-01-01,MS,2947.603,47035
2022-01-01,MS,2941.237,46995
2023-01-01,MS,2942.47,49673
2024-01-01,MS,2950.172,51948
2025-01-01,MS,2954.16,54531
2000-01-01,MO,5607.285,27857
2001-01-01,MO,5641.142,28634
2002-01-01,MO,5674.825,29144
2003-01-01,MO,5709.403,30054
2004-01-01,MO,5747.741,31396
2005-01-01,MO,5790.3,32256
2006-01-01,MO,5842.704,33860
2007-01-01,MO,5887.612,35228
2008-01-01,MO,5923.916,37124
2009-01-01,MO,5961.088,36306
2010-01-01,MO,5996.089,36984
2011-01-01,MO,6011.182,38402
2012-01-01,MO,6026.027,39983
2013-01-01,MO,6042.989,40121
2014-01-01,MO,6059.13,41380
2015-01-01,MO,6075.411,42677
2016-01-01,MO,6091.384,43826
2017-01-01,MO,6111.382,44781
2018-01-01,MO,6125.986,46680
2019-01-01,MO,6140.475,48425
2020-01-01,MO,6155.074,52204
2021-01-01,MO,6172.551,56896
2022-01-01,MO,6179.285,58527
2023-01-01,MO,6205.956,62456
2024-01-01,MO,6243.544,64940
2025-01-01,MO,6270.541,67587
2000-01-01,MT,903.773,22982
2001-01-01,MT,906.961,23910
2002-01-01,MT,911.667,24516
2003-01-01,MT,919.63,26114
2004-01-01,MT,930.009,28034
2005-01-01,MT,940.102,29839
2006-01-01,MT,952.692,31870
2007-01-01,MT,964.706,33841
2008-01-01,MT,976.415,35569
2009-01-01,MT,983.982,34479
2010-01-01,MT,990.73,35999
2011-01-01,MT,997.518,38150
2012-01-01,MT,1004.168,40217
2013-01-01,MT,1014.158,40142
2014-01-01,MT,1022.657,41850
2015-01-01,MT,1031.495,43095
2016-01-01,MT,1042.137,43301
2017-01-01,MT,1053.862,45369
2018-01-01,MT,1061.818,47208
2019-01-01,MT,1070.123,49654
2020-01-01,MT,1087.156,53572
2021-01-01,MT,1106.416,59236
2022-01-01,MT,1121.533,62117
2023-01-01,MT,1130.612,66221
2024-01-01,MT,1137.557,69220
2025-01-01,MT,1144.694,72340
2000-01-01,NE,1713.82,28924
2001-01-01,NE,1719.836,30184
2002-01-01,NE,1728.292,30553
2003-01-01,NE,1738.643,32268
2004-01-01,NE,1749.37,33496
2005-01-01,NE,1761.497,34401
2006-01-01,NE,1772.693,35718
2007-01-01,NE,1783.44,38184
2008-01-01,NE,1796.378,40291
2009-01-01,NE,1812.683,39422
2010-01-01,NE,1829.591,41085
2011-01-01,NE,1840.914,45607
2012-01-01,NE,1853.691,46385
2013-01-01,NE,1865.813,45911
2014-01-01,NE,1879.955,48187
2015-01-01,NE,1892.059,49708
2016-01-01,NE,1906.483,48688
2017-01-01,NE,1916.998,49533
2018-01-01,NE,1925.512,51436
2019-01-01,NE,1932.571,53513
2020-01-01,NE,1963.318,56911
2021-01-01,NE,1964.697,63652
2022-01-01,NE,1972.595,66354
2023-01-01,NE,1988.172,71506
2024-01-01,NE,2005.591,72696
2025-01-01,NE,2018.006,75858
2000-01-01,NV,2018.741,31858
2001-01-01,NV,2098.399,32418
2002-01-01,NV,2173.791,32180
2003-01-01,NV,2248.85,33136
2004-01-01,NV,2346.222,35173
2005-01-01,NV,2432.143,37907
2006-01-01,NV,2522.658,39437
2007-01-01,NV,2601.072,39870
2008-01-01,NV,2653.63,38640
2009-01-01,NV,2684.665,36125
2010-01-01,NV,2702.483,37289
2011-01-01,NV,2713.114,38595
2012-01-01,NV,2744.67,39680
2013-01-01,NV,2776.956,39331
2014-01-01,NV,2818.935,41126
2015-01-01,NV,2868.531,43799
2016-01-01,NV,2919.555,44715
2017-01-01,NV,2972.097,46991
2018-01-01,NV,3030.725,49289
2019-01-01,NV,3090.771,51942
2020-01-01,NV,3116.851,54686
2021-01-01,NV,3148.472,61024
2022-01-01,NV,3177.672,62696
2023-01-01,NV,3211.077,66767
2024-01-01,NV,3253.543,70104
2025-01-01,NV,3282.188,73156
2000-01-01,NH,1239.882,35323
2001-01-01,NH,1255.517,36782
2002-01-01,NH,1269.089,37013
2003-01-01,NH,1279.84,37374
2004-01-01,NH,1290.121,39324
2005-01-01,NH,1298.492,40404
2006-01-01,NH,1308.389,42866
2007-01-01,NH,1312.54,44422
2008-01-01,NH,1315.906,45713
2009-01-01,NH,1316.102,45119
2010-01-01,NH,1316.807,46982
2011-01-01,NH,1320.444,49086
2012-01-01,NH,1324.677,50715
2013-01-01,NH,1327.272,50423
2014-01-01,NH,1334.257,51988
2015-01-01,NH,1337.48,54161
2016-01-01,NH,1343.694,55677
2017-01-01,NH,1350.395,57878
2018-01-01,NH,1355.064,60335
2019-01-01,NH,1360.783,63946
2020-01-01,NH,1378.752,67564
2021-01-01,NH,1387.907,73970
2022-01-01,NH,1396.647,75331
2023-01-01,NH,1401.53,79305
2024-01-01,NH,1408.518,83222
2025-01-01,NH,1415.342,86959
2000-01-01,NJ,8430.621,39095
2001-01-01,NJ,8492.671,40189
2002-01-01,NJ,8552.643,40454
2003-01-01,NJ,8601.402,41167
2004-01-01,NJ,8634.561,42825
2005-01-01,NJ,8651.974,44238
2006-01-01,NJ,8661.679,47366
2007-01-01,NJ,8677.885,50133
2008-01-01,NJ,8711.09,51606
2009-01-01,NJ,8755.602,49828
2010-01-01,NJ,8799.451,50961
2011-01-01,NJ,8828.552,52854
2012-01-01,NJ,8845.671,54235
2013-01-01,NJ,8857.821,54365
2014-01-01,NJ,8867.277,56367
2015-01-01,NJ,8870.312,58408
2016-01-01,NJ,8873.584,59776
2017-01-01,NJ,8888.147,61704
2018-01-01,NJ,8891.73,64198
2019-01-01,NJ,8891.258,67518
2020-01-01,NJ,9270.476,70462
2021-01-01,NJ,9266.509,76340
2022-01-01,NJ,9298.402,77416
2023-01-01,NJ,9395.315,81448
2024-01-01,NJ,9506.354,84844
2025-01-01,NJ,9548.215,88223
2000-01-01,NM,1821.204,23019
2001-01-01,NM,1831.69,24545
2002-01-01,NM,1855.309,25237
2003-01-01,NM,1877.574,26108
2004-01-01,NM,1903.808,27366
2005-01-01,NM,1932.274,28744
2006-01-01,NM,1962.137,30433
2007-01-01,NM,1990.07,31780
2008-01-01,NM,2010.662,33552
2009-01-01,NM,2036.802,32901
2010-01-01,NM,2064.614,33658
2011-01-01,NM,2080.707,35069
2012-01-01,NM,2087.715,35694
2013-01-01,NM,2092.833,34857
2014-01-01,NM,2090.236,36880
2015-01-01,NM,2090.071,37752
2016-01-01,NM,2092.555,38474
2017-01-01,NM,2092.844,39196
2018-01-01,NM,2093.754,40976
2019-01-01,NM,2099.634,43223
2020-01-01,NM,2118.446,46560
2021-01-01,NM,2117.3,50855
2022-01-01,NM,2112.859,53141
2023-01-01,NM,2119.349,55505
2024-01-01,NM,2126.774,58345
2025-01-01,NM,2125.498,61645
2000-01-01,NY,19001.78,35955
2001-01-01,NY,19082.838,37176
2002-01-01,NY,19137.8,36972
2003-01-01,NY,19175.939,37420
2004-01-01,NY,19171.567,39093
2005-01-01,NY,19132.61,40645
2006-01-01,NY,19104.631,43760
2007-01-01,NY,19132.335,47020
2008-01-01,NY,19212.436,47909
2009-01-01,NY,19307.066,46936
2010-01-01,NY,19399.956,48578
2011-01-01,NY,19499.921,50772
2012-01-01,NY,19574.362,52625
2013-01-01,NY,19626.488,52874
2014-01-01,NY,19653.431,54496
2015-01-01,NY,19657.321,56608
2016-01-01,NY,19636.391,58400
2017-01-01,NY,19593.849,62206
2018-01-01,NY,19544.098,64229
2019-01-01,NY,19463.131,66460
2020-01-01,NY,20122.262,70352
2021-01-01,NY,19835.345,76410
2022-01-01,NY,19713.025,77425
2023-01-01,NY,19786.543,81729
2024-01-01,NY,20001.419,84978
2025-01-01,NY,20002.427,88847
2000-01-01,NC,8081.614,27410
2001-01-01,NC,8210.122,27782
2002-01-01,NC,8326.201,27856
2003-01-01,NC,8422.501,28709
2004-01-01,NC,8553.152,30586
2005-01-01,NC,8705.407,32209
2006-01-01,NC,8917.27,34189
2007-01-01,NC,9118.037,35960
2008-01-01,NC,9309.449,37772
2009-01-01,NC,9449.566,35921
2010-01-01,NC,9574.586,35848
2011-01-01,NC,9658.913,36822
2012-01-01,NC,9751.81,38876
2013-01-01,NC,9846.717,38074
2014-01-01,NC,9937.295,39880
2015-01-01,NC,10037.218,41632
2016-01-01,NC,10161.802,42596
2017-01-01,NC,10275.758,44219
2018-01-01,NC,10391.358,46048
2019-01-01,NC,10501.384,48374
2020-01-01,NC,10450.215,51814
2021-01-01,NC,10565.503,57227
2022-01-01,NC,10705.768,59120
2023-01-01,NC,10871.849,62287
2024-01-01,NC,11052.061,65598
2025-01-01,NC,11197.968,68511
2000-01-01,ND,642.023,25842
2001-01-01,ND,639.062,26493
2002-01-01,ND,638.168,27197
2003-01-01,ND,638.817,29663
2004-01-01,ND,644.705,29984
2005-01-01,ND,646.089,31731
2006-01-01,ND,649.422,33120
2007-01-01,ND,652.822,36501
2008-01-01,ND,657.569,40973
2009-01-01,ND,664.968,40186
2010-01-01,ND,674.752,44081
2011-01-01,ND,685.526,48873
2012-01-01,ND,702.227,56056
2013-01-01,ND,723.149,54337
2014-01-01,ND,738.736,56647
2015-01-01,ND,755.537,52972
2016-01-01,ND,756.114,51298
2017-01-01,ND,756.755,51830
2018-01-01,ND,760.062,55173
2019-01-01,ND,763.724,56657
2020-01-01,ND,779.612,60444
2021-01-01,ND,777.977,66157
2022-01-01,ND,780.191,71089
2023-01-01,ND,787.071,71725
2024-01-01,ND,793.387,72037
2025-01-01,ND,799.358,75157
2000-01-01,OH,11363.543,28496
2001-01-01,OH,11387.404,29261
2002-01-01,OH,11407.889,29669
2003-01-01,OH,11434.788,30471
2004-01-01,OH,11452.251,31588
2005-01-01,OH,11463.32,32419
2006-01-01,OH,11481.213,33976
2007-01-01,OH,11500.468,35371
2008-01-01,OH,11515.391,36654
2009-01-01,OH,11528.896,35593
2010-01-01,OH,11539.449,36580
2011-01-01,OH,11545.735,38927
2012-01-01,OH,11550.971,40279
2013-01-01,OH,11579.692,40752
2014-01-01,OH,11606.573,42277
2015-01-01,OH,11622.315,43799
2016-01-01,OH,11640.06,44574
2017-01-01,OH,11665.706,46114
2018-01-01,OH,11680.892,47821
2019-01-01,OH,11696.507,49395
2020-01-01,OH,11798.534,52852
2021-01-01,OH,11761.443,57537
2022-01-01,OH,11764.95,58300
2023-01-01,OH,11808.39,61822
2024-01-01,OH,11860.621,64587
2025-01-01,OH,11900.51,67291
2000-01-01,OK,3454.365,24124
2001-01-01,OK,3467.1,25557
2002-01-01,OK,3489.08,25999
2003-01-01,OK,3504.892,27184
2004-01-01,OK,3525.233,29194
2005-01-01,OK,3548.597,31699
2006-01-01,OK,3594.09,34650
2007-01-01,OK,3634.349,35493
2008-01-01,OK,3668.976,39154
2009-01-01,OK,3717.572,35835
2010-01-01,OK,3760.014,37157
2011-01-01,OK,3788.824,39694
2012-01-01,OK,3819.32,41905
2013-01-01,OK,3853.891,43607
2014-01-01,OK,3879.187,45884
2015-01-01,OK,3910.518,44279
2016-01-01,OK,3928.143,42053
2017-01-01,OK,3933.602,43873
2018-01-01,OK,3943.488,46030
2019-01-01,OK,3960.676,48177
2020-01-01,OK,3965.243,49993
2021-01-01,OK,3992.76,54574
2022-01-01,OK,4025.327,57929
2023-01-01,OK,4062.716,60871
2024-01-01,OK,4097.758,63671
2025-01-01,OK,4123.288,66660
2000-01-01,OR,3429.708,28257
2001-01-01,OR,3467.937,28774
2002-01-01,OR,3513.424,28759
2003-01-01,OR,3547.376,29523
2004-01-01,OR,3569.463,30980
2005-01-01,OR,3613.202,32125
2006-01-01,OR,3670.883,34488
2007-01-01,OR,3722.417,35624
2008-01-01,OR,3768.748,36856
2009-01-01,OR,3808.6,35286
2010-01-01,OR,3837.614,35941
2011-01-01,OR,3872.672,37531
2012-01-01,OR,3900.102,39128
2013-01-01,OR,3924.11,39462
2014-01-01,OR,3965.447,41654
2015-01-01,OR,4018.542,44166
2016-01-01,OR,4093.271,45467
2017-01-01,OR,4147.294,47566
2018-01-01,OR,4183.538,50209
2019-01-01,OR,4216.116,52190
2020-01-01,OR,4243.544,56663
2021-01-01,OR,4254.691,62647
2022-01-01,OR,4245.964,63691
2023-01-01,OR,4250.392,67518
2024-01-01,OR,4265.324,70940
2025-01-01,OR,4273.586,73678
2000-01-01,PA,12284.173,30339
2001-01-01,PA,12298.97,31563
2002-01-01,PA,12331.031,32084
2003-01-01,PA,12374.658,33066
2004-01-01,PA,12410.722,34860
2005-01-01,PA,12449.99,36173
2006-01-01,PA,12510.809,37803
2007-01-01,PA,12563.937,40008
2008-01-01,PA,12612.285,41467
2009-01-01,PA,12666.858,40446
2010-01-01,PA,12711.406,42097
2011-01-01,PA,12747.052,44119
2012-01-01,PA,12769.123,45637
2013-01-01,PA,12779.538,45902
2014-01-01,PA,12792.392,47467
2015-01-01,PA,12789.838,49291
2016-01-01,PA,12788.468,50572
2017-01-01,PA,12794.679,51886
2018-01-01,PA,12809.107,54468
2019-01-01,PA,12798.883,56139
2020-01-01,PA,12995.576,60281
2021-01-01,PA,13016.628,64003
2022-01-01,PA,12984.655,65080
2023-01-01,PA,13009.406,68101
2024-01-01,PA,13045.848,70856
2025-01-01,PA,13059.432,74231
2000-01-01,RI,1050.268,30350
2001-01-01,RI,1057.142,31795
2002-01-01,RI,1065.995,32801
2003-01-01,RI,1071.342,34256
2004-01-01,RI,1074.579,35867
2005-01-01,RI,1067.916,36746
2006-01-01,RI,1063.096,38719
2007-01-01,RI,1057.315,40608
2008-01-01,RI,1055.003,41487
2009-01-01,RI,1053.646,40588
2010-01-01,RI,1053.994,42630
2011-01-01,RI,1053.829,44095
2012-01-01,RI,1054.893,45298
2013-01-01,RI,1055.56,45104
2014-01-01,RI,1056.511,46630
2015-01-01,RI,1056.886,48049
2016-01-01,RI,1057.816,48515
2017-01-01,RI,1056.554,50414
2018-01-01,RI,1059.338,52132
2019-01-01,RI,1058.158,55123
2020-01-01,RI,1096.487,59277
2021-01-01,RI,1097.381,63101
2022-01-01,RI,1098.275,64538
2023-01-01,RI,1101.183,67907
2024-01-01,RI,1110.415,70743
2025-01-01,RI,1114.521,73992
2000-01-01,SC,4024.223,25025
2001-01-01,SC,4064.995,25644
2002-01-01,SC,4107.795,26122
2003-01-01,SC,4150.297,26792
2004-01-01,SC,4210.921,27892
2005-01-01,SC,4270.15,29136
2006-01-01,SC,4357.847,30789
2007-01-01,SC,4444.11,32190
2008-01-01,SC,4528.996,33110
2009-01-01,SC,4589.872,31973
2010-01-01,SC,4635.846,32749
2011-01-01,SC,4672.655,34406
2012-01-01,SC,4719.027,35807
2013-01-01,SC,4766.469,35923
2014-01-01,SC,4826.858,37755
2015-01-01,SC,4896.006,39598
2016-01-01,SC,4963.031,40752
2017-01-01,SC,5027.102,42385
2018-01-01,SC,5091.702,43817
2019-01-01,SC,5157.702,46150
2020-01-01,SC,5131.992,48763
2021-01-01,SC,5194.346,53389
2022-01-01,SC,5288.957,54550
2023-01-01,SC,5390.798,57735
2024-01-01,SC,5490.316,60649
2025-01-01,SC,5570.274,63179
2000-01-01,SD,755.844,26727
2001-01-01,SD,757.972,27563
2002-01-01,SD,760.02,27497
2003-01-01,SD,763.729,29883
2004-01-01,SD,770.396,31871
2005-01-01,SD,775.493,33534
2006-01-01,SD,783.033,34983
2007-01-01,SD,791.623,38330
2008-01-01,SD,799.124,40891
2009-01-01,SD,807.067,39435
2010-01-01,SD,816.193,41275
2011-01-01,SD,823.74,44532
2012-01-01,SD,833.859,44996
2013-01-01,SD,842.751,44988
2014-01-01,SD,849.67,46732
2015-01-01,SD,854.663,48308
2016-01-01,SD,863.693,48284
2017-01-01,SD,873.732,49408
2018-01-01,SD,879.386,51579
2019-01-01,SD,887.127,54408
2020-01-01,SD,887.808,59595
2021-01-01,SD,896.303,67188
2022-01-01,SD,909.156,69795
2023-01-01,SD,917.739,74201
2024-01-01,SD,927.11,75499
2025-01-01,SD,935.094,79297
2000-01-01,TN,5703.719,26998
2001-01-01,TN,5750.789,27496
2002-01-01,TN,5795.918,28102
2003-01-01,TN,5847.812,29059
2004-01-01,TN,5910.809,30435
2005-01-01,TN,5991.057,31410
2006-01-01,TN,6088.766,32878
2007-01-01,TN,6175.727,33963
2008-01-01,TN,6247.411,34954
2009-01-01,TN,6306.019,34427
2010-01-01,TN,6355.518,35809
2011-01-01,TN,6400.298,37696
2012-01-01,TN,6455.752,39079
2013-01-01,TN,6496.943,39099
2014-01-01,TN,6544.617,40225
2015-01-01,TN,6595.354,41937
2016-01-01,TN,6651.277,42938
2017-01-01,TN,6714.748,44407
2018-01-01,TN,6778.18,46449
2019-01-01,TN,6830.325,48903
2020-01-01,TN,6927.736,51979
2021-01-01,TN,6966.687,57707
2022-01-01,TN,7063.325,59097
2023-01-01,TN,7153.029,63437
2024-01-01,TN,7251.291,66288
2025-01-01,TN,7315.076,69131
2000-01-01,TX,20944.499,28253
2001-01-01,TX,21319.622,29601
2002-01-01,TX,21690.325,29481
2003-01-01,TX,22030.931,30176
2004-01-01,TX,22394.023,31097
2005-01-01,TX,22778.123,33136
2006-01-01,TX,23359.58,35422
2007-01-01,TX,23831.983,36879
2008-01-01,TX,24309.039,39841
2009-01-01,TX,24801.761,37234
2010-01-01,TX,25241.897,38911
2011-01-01,TX,25645.504,41941
2012-01-01,TX,26084.12,43869
2013-01-01,TX,26479.646,44403
2014-01-01,TX,26963.092,46747
2015-01-01,TX,27468.531,46767
2016-01-01,TX,27914.064,45868
2017-01-01,TX,28291.024,48524
2018-01-01,TX,28624.564,51346
2019-01-01,TX,28986.794,53271
2020-01-01,TX,29237.895,54825
2021-01-01,TX,29572.672,60396
2022-01-01,TX,30118.002,63758
2023-01-01,TX,30719.247,67522
2024-01-01,TX,31318.578,69762
2025-01-01,TX,31709.821,72364
2000-01-01,UT,2244.502,24162
2001-01-01,UT,2283.715,24867
2002-01-01,UT,2324.815,25167
2003-01-01,UT,2360.137,25749
2004-01-01,UT,2401.58,26980
2005-01-01,UT,2457.719,28751
2006-01-01,UT,2525.507,31107
2007-01-01,UT,2597.746,32924
2008-01-01,UT,2663.029,33784
2009-01-01,UT,2723.421,31796
2010-01-01,UT,2775.413,32037
2011-01-01,UT,2814.797,34015
2012-01-01,UT,2854.146,35622
2013-01-01,UT,2898.773,36102
2014-01-01,UT,2938.327,37621
2015-01-01,UT,2983.626,39881
2016-01-01,UT,3044.241,41295
2017-01-01,UT,3103.54,43030
2018-01-01,UT,3155.153,45463
2019-01-01,UT,3203.383,48163
2020-01-01,UT,3283.97,51764
2021-01-01,UT,3339.874,58325
2022-01-01,UT,3393.928,60713
2023-01-01,UT,3449.259,64431
2024-01-01,UT,3502.983,67345
2025-01-01,UT,3538.904,69991
2000-01-01,VT,609.618,29002
2001-01-01,VT,612.223,30704
2002-01-01,VT,615.442,31194
2003-01-01,VT,617.858,32282
2004-01-01,VT,619.92,33955
2005-01-01,VT,621.215,34573
2006-01-01,VT,622.892,36609
2007-01-01,VT,623.481,38595
2008-01-01,VT,624.151,40774
2009-01-01,VT,624.817,40358
2010-01-01,VT,625.886,41491
2011-01-01,VT,627.197,43754
2012-01-01,VT,626.361,44858
2013-01-01,VT,626.603,45296
2014-01-01,VT,625.693,46894
2015-01-01,VT,625.81,48117
2016-01-01,VT,624.366,48827
2017-01-01,VT,625.132,50009
2018-01-01,VT,624.802,51691
2019-01-01,VT,624.046,54278
2020-01-01,VT,642.965,58157
2021-01-01,VT,647.238,61110
2022-01-01,VT,647.614,63829
2023-01-01,VT,647.722,68021
2024-01-01,VT,646.521,71505
2025-01-01,VT,644.663,74580
2000-01-01,VA,7105.817,32631
2001-01-01,VA,7198.362,33940
2002-01-01,VA,7286.873,34495
2003-01-01,VA,7366.977,36151
2004-01-01,VA,7475.575,38082
2005-01-01,VA,7577.105,40027
2006-01-01,VA,7673.725,42164
2007-01-01,VA,7751,44020
2008-01-01,VA,7833.496,45383
2009-01-01,VA,7925.937,44091
2010-01-01,VA,8024.004,45442
2011-01-01,VA,8102.437,47563
2012-01-01,VA,8187.456,49049
2013-01-01,VA,8255.861,48195
2014-01-01,VA,8315.43,49760
2015-01-01,VA,8367.303,51617
2016-01-01,VA,8417.651,52656
2017-01-01,VA,8471.011,54377
2018-01-01,VA,8510.92,56130
2019-01-01,VA,8556.642,58362
2020-01-01,VA,8637.303,61451
2021-01-01,VA,8660.007,67214
2022-01-01,VA,8681.038,69581
2023-01-01,VA,8732.034,73912
2024-01-01,VA,8819.642,77277
2025-01-01,VA,8880.107,80291
2000-01-01,WA,5910.512,32538
2001-01-01,WA,5985.722,32986
2002-01-01,WA,6052.349,33222
2003-01-01,WA,6104.115,34267
2004-01-01,WA,6178.645,36309
2005-01-01,WA,6257.305,37202
2006-01-01,WA,6370.753,39744
2007-01-01,WA,6461.587,42524
2008-01-01,WA,6562.231,44098
2009-01-01,WA,6667.426,41679
2010-01-01,WA,6743.009,42327
2011-01-01,WA,6827.479,44279
2012-01-01,WA,6898.599,47053
2013-01-01,WA,6966.252,47448
2014-01-01,WA,7057.531,50259
2015-01-01,WA,7167.287,52408
2016-01-01,WA,7299.961,54296
2017-01-01,WA,7427.951,56800
2018-01-01,WA,7526.793,59824
2019-01-01,WA,7614.024,63431
2020-01-01,WA,7726.812,67669
2021-01-01,WA,7744.316,73944
2022-01-01,WA,7786.828,76120
2023-01-01,WA,7838.655,81280
2024-01-01,WA,7927.958,85512
2025-01-01,WA,8001.02,89396
2000-01-01,WV,1807.021,22275
2001-01-01,WV,1801.481,23731
2002-01-01,WV,1805.414,24506
2003-01-01,WV,1812.295,24804
2004-01-01,WV,1816.438,25628
2005-01-01,WV,1820.492,26836
2006-01-01,WV,1827.912,28528
2007-01-01,WV,1834.052,29544
2008-01-01,WV,1840.31,31494
2009-01-01,WV,1847.775,31653
2010-01-01,WV,1854.265,32642
2011-01-01,WV,1856.606,34490
2012-01-01,WV,1857.446,35233
2013-01-01,WV,1854.768,35093
2014-01-01,WV,1850.569,36243
2015-01-01,WV,1843.332,37068
2016-01-01,WV,1832.435,37075
2017-01-01,WV,1818.683,38841
2018-01-01,WV,1805.953,41001
2019-01-01,WV,1795.263,42615
2020-01-01,WV,1791.67,44897
2021-01-01,WV,1785.921,48895
2022-01-01,WV,1774.003,50163
2023-01-01,WV,1770.036,52977
2024-01-01,WV,1767.402,55432
2025-01-01,WV,1766.147,57932
2000-01-01,WI,5373.999,29493
2001-01-01,WI,5406.835,30812
2002-01-01,WI,5445.162,31406
2003-01-01,WI,5479.203,32084
2004-01-01,WI,5514.026,33319
2005-01-01,WI,5546.166,34218
2006-01-01,WI,5577.655,36047
2007-01-01,WI,5610.775,37522
2008-01-01,WI,5640.996,38857
2009-01-01,WI,5669.264,38138
2010-01-01,WI,5690.538,39048
2011-01-01,WI,5705.84,41067
2012-01-01,WI,5720.825,42639
2013-01-01,WI,5738.012,42685
2014-01-01,WI,5753.199,44156
2015-01-01,WI,5762.927,45928
2016-01-01,WI,5775.17,46595
2017-01-01,WI,5793.147,48311
2018-01-01,WI,5809.319,50520
2019-01-01,WI,5824.581,52370
2020-01-01,WI,5897.371,55499
2021-01-01,WI,5882.128,60693
2022-01-01,WI,5903.472,61837
2023-01-01,WI,5930.35,64873
2024-01-01,WI,5957.168,67799
2025-01-01,WI,5972.787,70570
2000-01-01,WY,494.3,29426
2001-01-01,WY,494.657,31215
2002-01-01,WY,500.017,31810
2003-01-01,WY,503.453,33642
2004-01-01,WY,509.106,35921
2005-01-01,WY,514.157,38907
2006-01-01,WY,522.667,43805
2007-01-01,WY,534.876,45634
2008-01-01,WY,546.043,49451
2009-01-01,WY,559.851,44499
2010-01-01,WY,564.531,46395
2011-01-01,WY,567.491,50631
2012-01-01,WY,576.656,53597
2013-01-01,WY,582.62,52835
2014-01-01,WY,583.159,56251
2015-01-01,WY,586.389,56120
2016-01-01,WY,585.243,53419
2017-01-01,WY,579.994,56378
2018-01-01,WY,579.054,59197
2019-01-01,WY,580.116,61853
2020-01-01,WY,577.669,65094
2021-01-01,WY,579.662,71456
2022-01-01,WY,581.742,77800
2023-01-01,WY,584.666,83095
2024-01-01,WY,586.722,86609
2025-01-01,WY,588.753,89806
